{
  "version": 1,
  "author": "Anonymous maker",
  "editor": "wokwi",
  "parts": [
    {
      "type": "wokwi-arduino-uno",
      "id": "uno",
      "top": -147,
      "left": -488.2,
      "rotate": 90,
      "attrs": {}
    },
    {
      "type": "wokwi-7segment",
      "id": "sevseg1",
      "top": -3.78,
      "left": -843.68,
      "attrs": { "color": "red", "digits": "4", "colon": "1", "common": "cathode" }
    },
    { "type": "wokwi-text", "id": "t1", "top": 249.6, "left": -816, "attrs": { "text": "Hour" } },
    {
      "type": "wokwi-text",
      "id": "t2",
      "top": 249.6,
      "left": -716,
      "attrs": { "text": "Minute" }
    },
    { "type": "wokwi-text", "id": "t3", "top": 201.6, "left": -912, "attrs": { "text": "Alarm" } },
    { "type": "wokwi-text", "id": "t3", "top": 201.6, "left": -1012, "attrs": { "text": "Time" } },
    {
      "type": "wokwi-resistor",
      "id": "r1",
      "top": -43.75,
      "left": -606.2,
      "rotate": 180,
      "attrs": { "value": "330" }
    },
    {
      "type": "wokwi-resistor",
      "id": "r2",
      "top": -24.55,
      "left": -606.2,
      "rotate": 180,
      "attrs": { "value": "330" }
    },
    {
      "type": "wokwi-resistor",
      "id": "r3",
      "top": 52.25,
      "left": -606.2,
      "rotate": 180,
      "attrs": { "value": "330" }
    },
    {
      "type": "wokwi-resistor",
      "id": "r4",
      "top": 33.05,
      "left": -606.2,
      "rotate": 180,
      "attrs": { "value": "330" }
    },
    {
      "type": "wokwi-resistor",
      "id": "r5",
      "top": 71.45,
      "left": -606.2,
      "rotate": 180,
      "attrs": { "value": "330" }
    },
    {
      "type": "wokwi-resistor",
      "id": "r6",
      "top": -5.35,
      "left": -606.2,
      "rotate": 180,
      "attrs": { "value": "330" }
    },
    {
      "type": "wokwi-resistor",
      "id": "r7",
      "top": 13.85,
      "left": -606.2,
      "rotate": 180,
      "attrs": { "value": "330" }
    },
    {
      "type": "wokwi-pushbutton",
      "id": "btn1",
      "top": 207.8,
      "left": -729.6,
      "attrs": { "color": "green", "bounce": "0" }
    },
    {
      "type": "wokwi-pushbutton",
      "id": "btn2",
      "top": 207.8,
      "left": -835.2,
      "attrs": { "color": "green", "bounce": "0" }
    },
    {
      "type": "wokwi-resistor",
      "id": "r8",
      "top": 215.15,
      "left": -643.2,
      "attrs": { "value": "1000" }
    },
    {
      "type": "wokwi-resistor",
      "id": "r9",
      "top": 195.95,
      "left": -643.2,
      "attrs": { "value": "1000" }
    },
    { "type": "wokwi-slide-switch", "id": "sw1", "top": 206, "left": -956.9, "attrs": {} },
    { "type": "wokwi-slide-switch", "id": "sw2", "top": 378.8, "left": -640.1, "attrs": {} },
    {
      "type": "wokwi-led",
      "id": "led1",
      "top": 25.2,
      "left": -908.2,
      "attrs": { "color": "red" }
    }
  ],
  "connections": [
    [ "uno:GND.1", "sevseg1:COM.2", "black", [ "h19.2", "v-95.7", "h220.8" ] ],
    [ "sevseg1:A", "r1:2", "green", [ "v0" ] ],
    [ "r1:1", "uno:A0", "green", [ "h76.8", "v63.4" ] ],
    [ "sevseg1:B", "r2:2", "green", [ "v0" ] ],
    [ "r2:1", "uno:A1", "green", [ "h67.2", "v53.7" ] ],
    [ "sevseg1:C", "r6:2", "green", [ "v37.56", "h105.6", "v-105.6" ] ],
    [ "r6:1", "uno:A2", "green", [ "h57.6", "v44" ] ],
    [ "r7:2", "sevseg1:D", "green", [ "h-27.6", "v96", "h-134.4" ] ],
    [ "uno:A3", "r7:1", "green", [ "h-57.5", "v-34.3" ] ],
    [ "uno:A4", "r4:1", "green", [ "h-67.1", "v-24.6" ] ],
    [ "r4:2", "sevseg1:E", "green", [ "h-18", "v86.4", "h-153.61" ] ],
    [ "uno:A5", "r3:1", "green", [ "h-76.7", "v-5.3" ] ],
    [ "r3:2", "sevseg1:F", "green", [ "h-8.4", "v-86.4", "h-144" ] ],
    [ "r5:2", "sevseg1:G", "green", [ "v0", "h-133.2" ] ],
    [ "uno:5", "sevseg1:DIG2", "black", [ "h48", "v-236.2", "h-537.6" ] ],
    [ "uno:4", "sevseg1:DIG1", "black", [ "h57.6", "v-255.3", "h-576.01" ] ],
    [ "uno:6", "sevseg1:DIG3", "black", [ "h38.4", "v-217.1", "h-518.4" ] ],
    [ "uno:7", "sevseg1:DIG4", "black", [ "h28.8", "v128.4", "h-499.2" ] ],
    [ "uno:8", "r5:1", "green", [ "h19.2", "v115.6", "h-288", "v-28.8" ] ],
    [ "uno:5V", "btn1:2.r", "red", [ "h-19.1", "v237.3" ] ],
    [ "btn1:2.l", "btn2:2.r", "red", [ "h0" ] ],
    [ "uno:GND.2", "r9:2", "#8f4814", [ "h-95.9", "v176.7" ] ],
    [ "r9:2", "r8:2", "#8f4814", [ "v0" ] ],
    [ "r8:1", "btn1:1.r", "green", [ "v0" ] ],
    [ "r9:1", "btn2:1.r", "green", [ "h-115.2", "v38.4" ] ],
    [ "btn2:1.l", "uno:3", "purple", [ "v-57.6", "h633.6", "v-119.2" ] ],
    [ "btn1:1.l", "uno:2", "purple", [ "v-48", "h518.4", "v-119.3" ] ],
    [ "btn2:2.l", "sw1:3", "red", [ "h0" ] ],
    [ "r8:2", "sw1:1", "#8f4814", [ "v105.6", "h-327.6" ] ],
    [ "sw1:2", "uno:9", "green", [ "v57.6", "h710.5", "v-317.6" ] ],
    [ "btn1:2.r", "sw2:1", "red", [ "h0.2", "v182.6" ] ],
    [ "r8:2", "sw2:3", "#8f4814", [ "v0", "h37.2", "v192" ] ],
    [ "sw2:2", "uno:10", "green", [ "v19.2", "h460.9", "v-460.8" ] ],
    [ "sw2:2", "led1:C", "green", [ "v19.2", "h-412.7", "v-364.8" ] ],
    [ "led1:A", "btn2:2.l", "red", [ "h28.8", "v192", "h19.2" ] ]
  ],
  "dependencies": {}
}